"1","impedit","United States of America",
"2","corporis","Spain",
"3","id","Gambia",
"4","iure","Guyana",
"5","animi","Djibouti",
"6","sapiente","Svalbard & Jan Mayen Islands",
"7","rerum","Gabon",
"8","ea","Czech Republic",
"9","neque","Lao People's Democratic Republic",
"10","earum","Mauritania",
"11","voluptas","Ukraine",
"12","sit","Kuwait",
"13","facilis","Australia",
"14","eligendi","Afghanistan",
"15","qui","Tunisia",
"16","eaque","Sierra Leone",
"17","sint","Kenya",
"18","sapiente","United Arab Emirates",
"19","voluptatibus","Western Sahara",
"20","odit","Guernsey",
